user_id,avg_days_between_orders,avg_order_value,items_per_order,discount_sensitivity,session_length,last_order_date,last_session_date,total_orders,total_sessions
0,33.41178035410031,94.1359589938329,3,0.22608164978882486,9,,,0,0
1,28.623537015080416,57.635249763255736,2,0.44282913700334803,5,,,0,0
2,17.318646084503698,47.73731014667712,3,0.38111780941006734,13,,,0,0
3,30.462993809106152,108.93655202486218,2,0.4113715508644771,5,,,0,0
4,30.892111106610002,69.18657431760674,2,0.2628521092314463,7,,,0,0
5,24.486386043941195,119.16186805092762,2,0.3670849231323939,11,,,0,0
6,20.27457108965816,115.43277714680436,3,0.2944033642395434,11,,,0,0
7,21.568540213073383,86.76687921788324,3,0.3198201515421192,7,,,0,0
8,34.8019841090741,73.77279734397473,1,0.314485785951961,14,,,0,0
9,28.42425826021988,61.346015196203425,2,0.23346565207876294,9,,,0,0
10,37.815695983620515,109.64148558694136,1,0.39168484845980156,11,,,0,0
11,179.1429156762851,31.363371967008263,1,0.5514887511292736,6,,,0,0
12,2.346062592341918,209.30236809372937,5,0.025678292899952562,17,,,0,0
13,147.59172829079714,16.034531901690876,1,0.6980597426643578,31,,,0,0
14,20.752868314914423,57.617390756124756,1,0.3893308871810297,7,,,0,0
15,18.307796218125624,114.84113924645368,2,0.34180130789353824,12,,,0,0
16,147.48910193518208,30.200936418799046,1,0.33936714846078353,25,,,0,0
17,21.96362861667351,59.98451583056804,3,0.3329392235160371,13,,,0,0
18,31.217393360357637,28.315555530195702,1,0.7641241897597545,12,,,0,0
19,25.575187149754072,116.58541126877385,3,0.3667304970216855,12,,,0,0
20,66.85983274889797,27.525327833769136,1,0.6410879568193141,18,,,0,0
21,74.38639367365491,36.70861942388312,1,0.5378076614133764,30,,,0,0
22,3.19342976307923,147.28359395451326,4,0.059999415959752445,14,,,0,0
23,7.131543122670404,194.2561161301124,7,0.08808641736864396,27,,,0,0
24,269.8434873704515,30.547617500651057,1,0.31975150087999116,5,,,0,0
25,30.1207456757556,97.40897497110383,1,0.39027138766552394,7,,,0,0
26,15.088642227194558,101.68953784157017,2,0.27858657873030446,12,,,0,0
27,28.63975723013806,106.76760159088134,2,0.2444281356702448,6,,,0,0
28,16.23824348057311,25.13968108358928,2,0.9652404104353027,12,,,0,0
29,32.03540511658311,21.239318094909436,2,0.7996556403839286,19,,,0,0
30,36.80416957265224,108.68746010702253,1,0.4449759816790787,9,,,0,0
31,36.60882355075716,117.35112832386889,1,0.3924445215822883,8,,,0,0
32,39.06335789403889,61.23730900183749,1,0.3303691275693933,12,,,0,0
33,32.719632095854266,40.13530225749036,3,0.3615355991278376,12,,,0,0
34,22.84789112645899,107.84122236050683,3,0.2900966804633793,8,,,0,0
35,31.932948631818324,112.22444365860662,2,0.2902849623696696,10,,,0,0
36,113.05917591657689,16.41104202967301,1,0.6604723303313016,34,,,0,0
37,150.13657650488787,30.18387011671501,1,0.37965197309063065,15,,,0,0
38,19.860880918492732,95.7083400392404,2,0.2731953318735317,11,,,0,0
39,38.9491510569885,81.43662003549926,1,0.2747594838979915,13,,,0,0
40,13.91425925810437,291.5426503732936,6,0.0504778164824402,26,,,0,0
41,136.51937241313874,32.97441052891496,1,0.5506993747927125,21,,,0,0
42,20.781536993204668,95.51598498392418,3,0.21926865521416344,9,,,0,0
43,143.46275837975617,35.701960969118026,1,0.45215241157108466,15,,,0,0
44,4.730661548669195,182.55294012001104,2,0.04388432692428723,16,,,0,0
45,75.31533567373928,28.66770882922194,1,0.45760810253588186,29,,,0,0
46,85.39923410537779,19.805374146439256,1,0.4516504862256545,33,,,0,0
47,23.749008593004596,92.01152745998999,3,0.3955263965731668,12,,,0,0
48,29.09923954825048,57.437163272520294,3,0.4300694295068722,6,,,0,0
49,10.64196063743665,35.59786221973476,2,0.9874518514617687,12,,,0,0
50,162.03518869065556,28.012348444505324,1,0.6935377406058685,34,,,0,0
51,158.67971017080697,13.166166119319957,1,0.5542340424405783,35,,,0,0
52,4.690864532241279,162.19457566014336,3,0.14620524286102446,14,,,0,0
53,25.258292605763017,38.9494652064132,1,0.9552858508937377,10,,,0,0
54,10.253777860966927,67.40312888885157,1,0.9160223992312583,13,,,0,0
55,86.59156805670362,30.753614658856055,1,0.5326222341329468,26,,,0,0
56,21.28509190502354,49.652470780184466,1,0.23586642237651587,10,,,0,0
57,122.95642429303294,18.48996109824865,1,0.37764703123642934,20,,,0,0
58,32.43543482275486,50.102359436672714,3,0.34726360835713366,13,,,0,0
59,26.943229681642194,105.76925162395443,2,0.22222465107669195,11,,,0,0
60,34.111086133154856,88.50541209943702,3,0.2677061411195104,10,,,0,0
61,11.096309122451302,327.2250055356726,7,0.020778790582355135,15,,,0,0
62,29.845279877989082,63.30074312248221,1,0.41208674896371,12,,,0,0
63,346.7588260725162,59.759727627294815,1,0.4590538893609923,7,,,0,0
64,22.215264707646043,49.94829265397666,3,0.4099201054927152,14,,,0,0
65,21.259197560300098,47.306150930478815,3,0.4507875841718544,10,,,0,0
66,26.76252058129084,92.12075915469491,3,0.2544467441669378,10,,,0,0
67,36.443327360008816,66.38429308631723,3,0.2864653386084367,14,,,0,0
68,25.104376425018643,81.1677001863284,3,0.3972981159449387,10,,,0,0
69,145.9785155463253,68.44537473597322,1,0.3752464380289513,6,,,0,0
70,28.806285226343327,47.4567361025218,3,0.4738789635452504,9,,,0,0
71,319.5490850335909,98.61712428223628,1,0.42050603075218784,4,,,0,0
72,20.37356058878363,66.712419684126,2,0.9461648419556735,11,,,0,0
73,101.4148730031609,26.55752251212433,1,0.48213784674660043,23,,,0,0
74,33.617628789129895,96.41823048200021,3,0.3158236257472947,11,,,0,0
75,36.74250783405539,109.93522992434467,2,0.3577853260422684,9,,,0,0
76,23.46403085128579,95.41636788695057,2,0.4555295877052074,13,,,0,0
77,99.8722524553638,34.789452302708604,1,0.5683716395121187,7,,,0,0
78,143.28013953518814,37.10272186151458,1,0.6184573860648848,22,,,0,0
79,69.47620207919935,36.125187959345645,1,0.3963319167425252,37,,,0,0
80,37.53023558997208,94.20887085592636,1,0.33251893508114433,8,,,0,0
81,24.617331224183637,78.65664488473729,1,0.37157680770522167,10,,,0,0
82,278.5948605018533,82.12681888157276,1,0.44256259723058977,4,,,0,0
83,134.5069395756365,30.332933758700783,1,0.5636726161267014,35,,,0,0
84,33.30899419848096,47.21067005969751,1,0.42424425948151145,6,,,0,0
85,90.83641014759148,34.74069437627222,1,0.6225953975175066,33,,,0,0
86,33.10541780188795,118.39537942255228,3,0.44137629320616856,8,,,0,0
87,130.14721099825994,34.67251903680322,1,0.34333844087969223,20,,,0,0
88,6.119276756952238,234.59589853274164,3,0.08165917115908256,12,,,0,0
89,26.341093922222313,93.6388975080137,3,0.48379222573382963,9,,,0,0
90,38.78803813452649,42.617302948403754,2,0.33301492581821046,14,,,0,0
91,107.77675712932478,15.694256864832386,1,0.6392132753854723,26,,,0,0
92,18.14809713270107,85.16623807263707,1,0.42954721276657537,7,,,0,0
93,36.46015315950441,51.57503842564064,1,0.27519625901843714,6,,,0,0
94,137.91770538669874,33.66793125028236,1,0.41043421063914687,6,,,0,0
95,16.08412592247929,102.65815967843037,3,0.3564353644139252,9,,,0,0
96,169.1640994938275,12.204721472993516,1,0.543318969453376,16,,,0,0
97,26.34288543938679,88.43414332282504,1,0.4105338255638199,13,,,0,0
98,23.47329047087938,76.27991223259579,2,0.22852575178268927,9,,,0,0
99,2.4661505085183872,96.41595353618355,4,0.16235385705547847,18,,,0,0
100,33.75710625628696,109.4473719095252,3,0.49051958759344233,11,,,0,0
101,322.4776901153699,55.72927354307451,1,0.4296400017325851,6,,,0,0
102,171.49011491939237,34.88382369878989,1,0.37216642878434175,32,,,0,0
103,13.546866353781716,51.65860063277569,1,0.923833528601712,10,,,0,0
104,113.3631859937243,33.682617849786524,1,0.4471352727704122,6,,,0,0
105,73.65810097322421,22.89740900193671,1,0.5713945019040532,27,,,0,0
106,85.34807750643748,14.11704415771981,1,0.43124894237513645,15,,,0,0
107,311.70505130586,35.04528476145105,1,0.21692090462511657,2,,,0,0
108,73.82080471965578,10.625696770742465,1,0.6205288617241809,30,,,0,0
109,23.09906357501579,39.78833484296665,1,0.8018539843445391,11,,,0,0
110,147.28549268086851,34.56845804574556,1,0.39450753957868967,18,,,0,0
111,225.88218187978188,82.811207767289,1,0.37956210279802516,7,,,0,0
112,11.707156462393902,42.11040319181424,1,0.7824021002458477,8,,,0,0
113,36.60625084813098,108.42346971648722,2,0.35212034520018654,9,,,0,0
114,98.58321154565141,24.268870838292084,1,0.3247494800404403,17,,,0,0
115,112.53099291710797,23.18265375287873,1,0.3634984831926165,24,,,0,0
116,67.9094225135661,12.835178425452831,1,0.41365878955124546,33,,,0,0
117,23.745519688396108,117.41572061541957,3,0.3175873953006081,10,,,0,0
118,317.9637175459777,81.7142270490638,1,0.4105573358936696,5,,,0,0
119,27.156773021818182,58.12344372271098,1,0.2231495252902629,13,,,0,0
120,29.15769011118104,26.5524520714754,1,0.7486741636265352,17,,,0,0
121,88.50362417363101,23.32596129415827,1,0.5994146072381745,26,,,0,0
122,173.65562042929474,39.53319380594732,1,0.41270869308151015,24,,,0,0
123,26.02947590511118,63.70584725261185,2,0.7307769195245227,18,,,0,0
124,25.93681400487452,115.71306104094086,1,0.3353383970662127,8,,,0,0
125,15.704688638203752,114.46607237999625,3,0.3949882052882545,12,,,0,0
126,213.3654053451178,30.367583881393255,1,0.3023695713748179,7,,,0,0
127,16.193736165471282,73.58604350027545,3,0.3371340849909346,6,,,0,0
128,111.50866717240005,28.44428748327852,1,0.4666270380834159,31,,,0,0
129,126.49823429018346,21.71361197680192,1,0.554268316587452,39,,,0,0
130,34.287534352746476,98.8149587849849,1,0.21330070648856247,10,,,0,0
131,157.37972182171276,11.89301611096674,1,0.48307183097894124,22,,,0,0
132,4.715153488270929,123.06334008444496,5,0.03822068614678218,15,,,0,0
133,33.58269263799053,111.57099959640426,2,0.4921170752945927,9,,,0,0
134,25.06133247075568,61.11706397699433,2,0.7963634284643781,8,,,0,0
135,65.08261954201555,36.101115251691766,1,0.6992602391092195,21,,,0,0
136,141.52927293776278,38.583681888388234,1,0.5430291613283421,34,,,0,0
137,30.127370721369637,94.3249645530716,3,0.31160401354120515,12,,,0,0
138,148.28098313753134,24.971318807694004,1,0.5246690843038588,21,,,0,0
139,18.06593554759927,108.22610323074582,2,0.4696037092358691,9,,,0,0
140,28.55428403063906,111.30653458831111,3,0.4135427312021638,14,,,0,0
141,34.759326520193724,42.10272214466126,2,0.3106733496503662,13,,,0,0
142,28.1423913707575,101.53316402997584,3,0.22212521387337172,14,,,0,0
143,30.994848234166575,54.55705092417099,3,0.32978548594459245,14,,,0,0
144,23.650577058546826,115.27232439452278,3,0.4537801118467597,7,,,0,0
145,19.21589754369267,115.32855902948766,1,0.39761986201512634,12,,,0,0
146,26.036343345609,48.83856157386896,2,0.9300877002748933,12,,,0,0
147,35.11720385539333,94.79926729565413,1,0.22189190765160374,5,,,0,0
148,148.10397057654563,35.82332097262976,1,0.35230646062095455,24,,,0,0
149,22.255300124247537,70.73198668012849,2,0.274481084114356,13,,,0,0
150,27.86812098078711,79.90077667181234,1,0.2069528894649053,14,,,0,0
151,37.05848690920503,92.34080295116937,2,0.3610072247866781,13,,,0,0
152,246.82745206728305,43.62587113214033,1,0.22941269989713675,5,,,0,0
153,198.32352100036695,85.6428059866662,1,0.5755794267821501,6,,,0,0
154,26.84360375987975,76.55908474262992,2,0.3546517196441762,8,,,0,0
155,317.77958113827833,67.26378809131134,1,0.3199162258949655,6,,,0,0
156,142.5652381443326,10.799414648914995,1,0.6868282784688203,34,,,0,0
157,134.36829666013074,35.23501374874793,1,0.5722907580202715,15,,,0,0
158,25.259435233067627,101.99778414456728,3,0.4618453126736961,12,,,0,0
159,22.84381496844543,53.85459390858622,3,0.3026981053045539,8,,,0,0
160,157.7927622700241,69.06606555651828,1,0.5891642510362276,3,,,0,0
161,34.885133900058335,61.87660294043384,1,0.4029866737347637,8,,,0,0
162,27.853532187459884,37.31817570478083,1,0.7769331926420446,13,,,0,0
163,251.37838710697417,46.97206268872007,1,0.41241659589311963,5,,,0,0
164,28.758814144490415,114.32797441359823,2,0.48050962957884547,13,,,0,0
165,17.236518012787908,85.93066825402985,2,0.416935303472727,14,,,0,0
166,24.924864356957492,79.63071178574063,3,0.4886394140250027,14,,,0,0
167,39.727486752218084,83.46403868455799,2,0.4815681505222617,13,,,0,0
168,19.654976728201692,98.92943163938057,3,0.37033436672628184,12,,,0,0
169,26.731396335248856,29.239060052366998,1,0.7970805010255249,10,,,0,0
170,2.05717867097084,191.1261724019338,4,0.012424866360107223,11,,,0,0
171,12.935393646119408,65.80651929253176,1,0.8843876344431547,10,,,0,0
172,116.49936922551737,26.125530630796025,1,0.38736464906293033,21,,,0,0
173,127.70024667281697,11.852741426700513,1,0.5021948224370383,29,,,0,0
174,17.273541111292197,80.83002832262676,3,0.33602969005393457,10,,,0,0
175,30.411330648328263,57.290224141590784,2,0.7135869408183486,12,,,0,0
176,25.221673395481204,101.51776500667862,3,0.4934999854772303,11,,,0,0
177,27.068258852538534,53.08962690627341,2,0.8960602295256106,12,,,0,0
178,96.25221501354082,50.88540920920873,1,0.4177781356100083,5,,,0,0
179,17.821115969161934,104.75825468313556,2,0.429816040254171,13,,,0,0
180,16.216908031093727,99.24328627838892,2,0.2703017835462685,7,,,0,0
181,22.9725924092298,87.83341394218098,3,0.29619953461789494,8,,,0,0
182,36.99284727409707,112.92621324964355,2,0.32816017468836306,9,,,0,0
183,131.03484215192003,56.352213195499246,1,0.389407528164888,7,,,0,0
184,4.786433790996366,102.79576768004327,2,0.04066734661201088,19,,,0,0
185,275.25977817450905,72.20454314923532,1,0.27526531757310213,6,,,0,0
186,10.38334265571232,66.85798816011238,2,0.7351948598330003,19,,,0,0
187,34.38784705159426,70.4529395498338,2,0.30777786666547274,7,,,0,0
188,14.14330498897489,223.79737800075236,5,0.05625247274643544,15,,,0,0
189,99.58383431734319,21.395193242234626,1,0.49972059294772897,31,,,0,0
190,2.841168229757705,215.1458374401178,2,0.14406270615241876,17,,,0,0
191,38.629702780022455,93.45724347145222,3,0.32371766672467783,13,,,0,0
192,140.01056754640075,28.495580832530138,1,0.4951417536012285,15,,,0,0
193,35.32893052284774,93.92263616953683,3,0.47293200979962985,6,,,0,0
194,107.62757069976857,21.191547503910463,1,0.5260008729791876,39,,,0,0
195,115.71263899245508,56.54848155678711,1,0.2224459756515863,2,,,0,0
196,116.22450475445078,66.97114299491537,1,0.28456682235381886,7,,,0,0
197,29.08774660119959,42.63214241227775,3,0.2943454079679953,14,,,0,0
198,21.01180485760717,106.77204480734017,2,0.46895773010081593,8,,,0,0
199,104.76651878553324,60.596177699044944,1,0.33623709859004236,6,,,0,0
200,27.265086402769832,68.46489581646783,3,0.3295543838718634,11,,,0,0
201,132.41076506301755,79.81740083450316,1,0.4958621155906378,3,,,0,0
202,19.68479458819693,75.90749416171612,2,0.32241325252494124,5,,,0,0
203,24.694988984459844,46.775961354281804,3,0.47156227229400766,14,,,0,0
204,16.58167875692386,74.7741015410196,2,0.34526939418017855,5,,,0,0
205,96.55895949015084,38.46470387183696,1,0.5480768751498757,35,,,0,0
206,18.01662888437719,67.3639461008058,1,0.7942549843586324,19,,,0,0
207,105.12663627889765,34.494835462987396,1,0.3455551294447992,29,,,0,0
208,145.00404615072762,23.15364862926726,1,0.577134111729737,35,,,0,0
209,145.82836695593113,33.67230289660189,1,0.6962802457747872,26,,,0,0
210,188.87061057947147,92.68510607526294,1,0.4552721468043364,2,,,0,0
211,141.29662750370227,21.988532386752468,1,0.6862867110855313,25,,,0,0
212,113.49342618058881,21.734025060325084,1,0.5354359826160588,27,,,0,0
213,172.88113897754317,14.25025530494645,1,0.4821330540903508,20,,,0,0
214,312.80113265264197,38.055968668915014,1,0.4591879669110855,6,,,0,0
215,38.96156554334874,58.54844379291283,2,0.25533553254541813,11,,,0,0
216,32.61839039899336,56.46275834938575,3,0.44261893658937823,5,,,0,0
217,36.56591368643268,82.21720157022261,2,0.3790912487848981,11,,,0,0
218,95.69338016392223,28.434535471387584,1,0.35357910786028424,17,,,0,0
219,106.04519554052244,15.572610978782969,1,0.5773731706117421,31,,,0,0
220,16.34028156577092,68.7231337737095,1,0.24096041439874877,13,,,0,0
221,224.39236578341354,35.78694380505268,1,0.5044226474181697,3,,,0,0
222,125.96714214456615,13.396329858760694,1,0.6100452111455982,35,,,0,0
223,118.16452069131203,88.10495015797778,1,0.31908357404115745,7,,,0,0
224,88.43352664400174,34.321081505182306,1,0.44025233644559586,32,,,0,0
225,23.770386973820774,62.48680150321584,2,0.2970960847564045,12,,,0,0
226,14.62771994993792,339.9934935215632,7,0.09924862256446744,27,,,0,0
227,275.96450226748516,64.26211081409464,1,0.3074868608349944,4,,,0,0
228,38.40840285221438,69.52569392603377,3,0.2981867840482791,5,,,0,0
229,67.59968232722096,26.032733931626947,1,0.4718572402740944,20,,,0,0
230,101.2487544663143,30.476557782796178,1,0.33982989676648234,34,,,0,0
231,84.27818476768797,30.65775645734531,1,0.5599988797362611,18,,,0,0
232,19.138126978983593,71.70732535457866,1,0.40983241145737204,7,,,0,0
233,141.5979270145895,10.278608428253804,1,0.6268436107653194,39,,,0,0
234,22.833786936022655,110.47911959842165,1,0.43203814509518723,12,,,0,0
235,112.81193049358222,31.67296079092967,1,0.36054965233771236,25,,,0,0
236,24.60079773357802,117.05989684426113,1,0.2419490566427701,7,,,0,0
237,161.74705253279507,29.752161102554318,1,0.507099651118895,27,,,0,0
238,12.818591565095213,44.97912706363287,2,0.8584859502808553,19,,,0,0
239,27.073551225060655,58.136296894779285,2,0.9311101147673841,8,,,0,0
240,30.714267401514398,80.08391724056601,2,0.4105431915870549,5,,,0,0
241,35.20150202426633,82.91121383115666,2,0.390288274205977,13,,,0,0
242,113.70851955765957,60.41385120242134,1,0.44353296177097745,3,,,0,0
243,352.07945548254185,66.61037539098858,1,0.4883062072373836,3,,,0,0
244,30.177696166434245,33.59902975106769,1,0.9136969744601486,14,,,0,0
245,90.61392972468937,13.087147450656088,1,0.5891113493303466,20,,,0,0
246,18.75211670602875,114.49280617257484,3,0.36585943654875935,14,,,0,0
247,69.34644839602944,21.18424500213584,1,0.6607764037033085,19,,,0,0
248,36.121162606533204,66.18407373808951,2,0.20239075206723667,7,,,0,0
249,152.71359155406293,15.862672716184704,1,0.6041928881286787,21,,,0,0
250,38.77475655358609,40.11696324284622,2,0.4547017963336765,12,,,0,0
251,145.39829696401233,12.790799150742647,1,0.6589149887725836,27,,,0,0
252,35.4990722973554,45.9864387463902,2,0.3304948635304956,14,,,0,0
253,17.951442981652516,33.59779359162272,1,0.7608137878837701,17,,,0,0
254,175.75616667002745,16.22908676831061,1,0.40600317076588327,17,,,0,0
255,180.14325619331777,36.3849032653944,1,0.3422971022017135,5,,,0,0
256,33.70196118021773,59.988210257724084,2,0.44116902603315505,6,,,0,0
257,30.75743871509561,91.57480125668015,2,0.27764619570395777,13,,,0,0
258,159.52274126609015,19.946496737568303,1,0.48439796880077624,19,,,0,0
259,20.367902649250667,54.97208909689293,1,0.46502713966808784,5,,,0,0
260,93.57311849267657,14.117080513961945,1,0.6538610064899859,28,,,0,0
261,10.445178060340517,255.71025592334232,7,0.05023932555437417,18,,,0,0
262,34.78828308576427,46.471614598271586,2,0.9998817240434038,19,,,0,0
263,34.90980121266143,30.970579302196242,2,0.9392172062138227,12,,,0,0
264,169.67760049542412,10.846197091814773,1,0.679023494028006,29,,,0,0
265,22.26091050318698,24.512868842545142,1,0.7656426825074731,14,,,0,0
266,36.10710216094127,65.88710490438697,1,0.37598275252736285,14,,,0,0
267,3.9779778117692715,97.17546893071668,3,0.02729033377149801,12,,,0,0
268,143.22724779510514,37.86535626956276,1,0.38929488559225695,29,,,0,0
269,38.71745399624757,71.32811418220815,3,0.4895551820862653,5,,,0,0
270,18.516084203714207,99.6274662481586,1,0.49471389648210706,6,,,0,0
271,91.82549286754514,17.486225894058364,1,0.4026631766170859,17,,,0,0
272,3.893562873871295,172.82407450533725,2,0.0958978500794321,22,,,0,0
273,22.96792269891644,116.13297051472965,1,0.2510315609453572,8,,,0,0
274,27.068419662211955,42.479456324173995,3,0.24949915842857423,13,,,0,0
275,33.24935014175725,61.22118154799813,1,0.2712644854841737,5,,,0,0
276,31.55050565024669,88.0172422411015,1,0.20772070781950575,6,,,0,0
277,31.52600136865012,47.29095020405434,2,0.2554643661626142,13,,,0,0
278,67.39672435921192,32.567054263458616,1,0.3342829247359668,23,,,0,0
279,110.23584899213407,26.06543235936789,1,0.4899297552487679,37,,,0,0
280,310.12384259818856,77.42744199032211,1,0.24811274990217333,6,,,0,0
281,34.70699840842289,41.76966227662536,2,0.8881678636697193,18,,,0,0
282,23.153170134243403,62.09606559257995,2,0.4620398760118271,12,,,0,0
283,151.00528654292077,38.189499549613295,1,0.525073503790929,17,,,0,0
284,133.07545823429223,11.123970114931403,1,0.35754106825066945,30,,,0,0
285,38.02087457265414,111.7625089719538,1,0.44521577759158326,8,,,0,0
286,39.35548561508276,75.44884906651431,3,0.2808259943026291,9,,,0,0
287,31.67972426375564,61.05086961992301,2,0.7476917327917001,11,,,0,0
288,30.82324832691378,61.848833880434746,1,0.8369346001384241,19,,,0,0
289,63.667583085839226,21.174002846059217,1,0.3710334776655446,36,,,0,0
290,17.126734410869048,39.32828353704923,1,0.8716774183060902,19,,,0,0
291,34.50759160651609,101.4058182729481,1,0.47345463141571154,11,,,0,0
292,26.0685077822541,41.190340032980956,1,0.8046127597816244,11,,,0,0
293,31.558886313156307,107.46271600686217,2,0.3942026360193771,11,,,0,0
294,7.611469079264968,319.1062571601017,7,0.029879111191898646,14,,,0,0
295,27.018893759684545,56.06415987963053,2,0.9992407298734888,11,,,0,0
296,289.80121605974847,45.56542357833882,1,0.5139588221184468,7,,,0,0
297,12.440076595317734,26.397206984802665,1,0.942503160742741,17,,,0,0
298,22.677131783305214,103.04723494460794,1,0.27816777062171105,7,,,0,0
299,166.73112737644652,25.01432123478113,1,0.45266768792223483,22,,,0,0
300,37.66552336265319,76.6057146449233,1,0.4147005368330108,12,,,0,0
301,151.3431937457999,15.05817269748723,1,0.4958308362520065,34,,,0,0
302,64.52703821699257,15.98242753684351,1,0.30563084748985286,23,,,0,0
303,101.3219728875985,13.867924012849082,1,0.5354682752672287,19,,,0,0
304,334.1928620551865,99.68306868795499,1,0.5605535104578098,4,,,0,0
305,75.74469317006191,32.02229857934563,1,0.3675938967560588,24,,,0,0
306,39.86700584142662,92.95759326703157,2,0.20592252995424357,11,,,0,0
307,135.63736081955244,19.033493642703768,1,0.5649931863555586,21,,,0,0
308,17.850313817106198,48.5010966645116,1,0.2599248158439076,7,,,0,0
309,20.192349606790376,114.6499475721502,1,0.20082139971721782,11,,,0,0
310,33.08909042246197,48.10323828743659,1,0.2693480859475238,14,,,0,0
311,35.03990256726118,65.01656855702115,3,0.22849954109917409,12,,,0,0
312,30.54517583331268,110.27804299179789,1,0.4444892868609489,6,,,0,0
313,31.221162096806594,103.75276456283255,1,0.40885096205713845,5,,,0,0
314,81.75126726447625,21.392523373476628,1,0.3115264918284886,32,,,0,0
315,2.2298616268983498,124.47418742884328,3,0.14091363529612463,20,,,0,0
316,10.23103175224674,316.1624516033152,3,0.06617132628459631,16,,,0,0
317,11.364152880691897,52.169935827840646,1,0.9546536724328002,18,,,0,0
318,20.567663079219976,91.46538518586014,2,0.27049999999738616,9,,,0,0
319,138.4047603766046,13.079299644404573,1,0.5228524045619332,15,,,0,0
320,31.786859269478903,116.02841039946925,2,0.21628256399167037,7,,,0,0
321,73.68280300268859,32.77959853237351,1,0.43654284583073544,35,,,0,0
322,128.62352651361843,80.17992788535179,1,0.24278460220780762,5,,,0,0
323,72.93188967449905,22.43411035384991,1,0.6349864949945859,29,,,0,0
324,4.651821737595421,88.25717295742389,5,0.16776322213578332,17,,,0,0
325,106.48866950647991,28.01638065416234,1,0.5016440477412657,24,,,0,0
326,26.32114265203417,50.66974648128748,2,0.4100042854691376,12,,,0,0
327,145.24449763946973,73.69173124437717,1,0.3381174323594324,6,,,0,0
328,73.84863027403505,20.567134073886322,1,0.5282552777012397,31,,,0,0
329,28.06824965523006,42.02177130035777,1,0.4010762536300826,6,,,0,0
330,22.37851414904015,100.28751584361319,1,0.4442078652663406,6,,,0,0
331,305.6844725394938,85.91752267426993,1,0.4657974274366494,7,,,0,0
332,21.283528209307644,89.64493564894792,3,0.46103542769640055,13,,,0,0
333,303.4403549086413,97.50028761882216,1,0.2709703593953053,6,,,0,0
334,18.251663252884306,86.7188846147145,1,0.29916883662268073,12,,,0,0
335,31.547255274123476,79.24407529229413,2,0.30742567644912183,12,,,0,0
336,28.425898813347715,47.35564431512532,1,0.2640061430558588,8,,,0,0
337,177.7359837138356,10.264110888851123,1,0.47826689851387694,37,,,0,0
338,349.87160936875534,57.01131543488307,1,0.31313159771175897,7,,,0,0
339,83.10148655204125,25.416841003823006,1,0.3669579236853979,38,,,0,0
340,206.65759928381365,37.27487664215691,1,0.48109714650701646,7,,,0,0
341,181.22172825350412,36.1264628553939,1,0.5176859147903561,5,,,0,0
342,15.422274207603532,93.86389858621702,2,0.3924268239444919,11,,,0,0
343,34.672297441564254,64.10805678758969,1,0.42958227230613877,9,,,0,0
344,155.69815354001588,26.37173405922468,1,0.3576302149833932,31,,,0,0
345,28.87674364100655,49.85881271467992,1,0.3789964662359991,10,,,0,0
346,5.229657517800437,167.1339580730898,2,0.0441575938714816,22,,,0,0
347,34.85782626063583,43.063260184479695,2,0.7871958002560255,8,,,0,0
348,17.501126431885574,89.56126217234663,3,0.2953357811701176,9,,,0,0
349,111.39688715515092,10.144956479940141,1,0.38861028168260786,33,,,0,0
350,188.6539405812391,51.38302575117347,1,0.2703080643580901,5,,,0,0
351,69.17548542686585,12.2619987038013,1,0.5028713245142296,15,,,0,0
352,6.993640875059259,160.2576716330974,5,0.07316372602060191,13,,,0,0
353,120.2600723599717,29.8803546813609,1,0.6226160227711593,30,,,0,0
354,39.19338899593782,98.87358470678595,2,0.30763866165374176,7,,,0,0
355,24.031284113990722,77.57393832081672,2,0.21393123725035346,14,,,0,0
356,23.608751552209284,28.6924908223225,2,0.8095890333973143,15,,,0,0
357,6.338597109356236,162.76646565460985,3,0.12084219605713738,17,,,0,0
358,103.46675330581093,31.51908125362286,1,0.3921385330397298,35,,,0,0
359,15.561150953857284,43.45154650681323,2,0.2483387421102614,11,,,0,0
360,29.983938069873243,85.08837618686121,1,0.41586418985122664,11,,,0,0
361,13.303635747042808,288.234840035136,6,0.08204531801304975,15,,,0,0
362,20.745344679469493,70.8369506193478,1,0.26070456472645254,13,,,0,0
363,15.975914090453205,102.70945878710148,2,0.23525492197243114,9,,,0,0
364,23.051105741538855,38.518872512439,1,0.8589449556819116,10,,,0,0
365,143.60491237889602,12.931507250403477,1,0.490856494801816,20,,,0,0
366,154.73069787661498,27.339614374013387,1,0.3028776209802326,31,,,0,0
367,36.374423156698214,73.88492379466905,2,0.28266816286399665,11,,,0,0
368,90.45331745312356,19.199592600237835,1,0.582197843188434,33,,,0,0
369,85.73497698456961,22.016827192771686,1,0.5202304858387272,32,,,0,0
370,38.14654469494623,74.83019476422112,1,0.2665310733858536,5,,,0,0
371,131.69670765769155,38.371475735368236,1,0.5561165258120548,25,,,0,0
372,27.895340788820707,58.533677825444926,1,0.21081833994330465,7,,,0,0
373,251.1720454326671,66.24198906925065,1,0.2274468687748236,2,,,0,0
374,30.159085199806306,55.562015446876885,3,0.3724720165237444,7,,,0,0
375,38.917733739631885,110.08904369944536,3,0.3724681636321727,11,,,0,0
376,216.69812140274087,71.07785620049856,1,0.24650732057636904,2,,,0,0
377,27.912605430120955,40.777855337153994,3,0.27447728280862327,5,,,0,0
378,6.471581264351033,125.74288301969584,5,0.13662146170475373,23,,,0,0
379,16.242385848673937,50.92984495909042,1,0.7320067870316174,19,,,0,0
380,222.63032233028892,73.44672323822367,1,0.5941445317297793,7,,,0,0
381,4.8833259317370485,89.2051891190933,5,0.0956640153224087,18,,,0,0
382,26.50176475116075,95.13684392477191,1,0.2632257157104343,10,,,0,0
383,133.57008517661373,20.977724533657803,1,0.3842129928442625,32,,,0,0
384,20.714168737491715,47.989579272756245,1,0.2707415518656523,9,,,0,0
385,27.489945652796266,119.64494162396812,3,0.3551020924761502,12,,,0,0
386,67.204365326882,34.41454207620539,1,0.5519448849448618,26,,,0,0
387,2.606187446083519,227.45265927560325,5,0.03979162212737464,18,,,0,0
388,33.41315411905387,111.17059593105763,2,0.2859570729667367,11,,,0,0
389,36.22251929847022,45.707526254124595,1,0.268465381816362,8,,,0,0
390,24.07912100626072,86.95358188208084,3,0.32419671826210195,6,,,0,0
391,2.8345523251982625,97.51158338967063,2,0.17573819528994827,18,,,0,0
392,31.370816888583743,110.8377053677119,1,0.2742189557945577,7,,,0,0
393,23.13003291641197,78.09237925242988,3,0.36217524841768495,7,,,0,0
394,30.89627841064589,85.11875893770299,2,0.39185847461324363,8,,,0,0
395,96.42874986877067,10.002770391847841,1,0.6391785953530682,23,,,0,0
396,4.152176566346167,129.7968442104059,2,0.0014435970011535072,15,,,0,0
397,24.458951506874044,61.038422035699924,2,0.27186854448156816,12,,,0,0
398,25.322596912831184,108.27856187132832,1,0.2868785897873857,11,,,0,0
399,28.37426882649416,54.87500785132205,1,0.28075853986674365,12,,,0,0
400,155.9354822323284,39.938903384967986,1,0.6165698857061181,23,,,0,0
401,142.85288055477452,88.90775015581818,1,0.5313008189577326,2,,,0,0
402,115.30015623747359,33.12987903370566,1,0.6928463405622456,26,,,0,0
403,122.51115035010116,17.599382210052667,1,0.3794894527209599,37,,,0,0
404,93.13200526061374,13.58948776032216,1,0.30357194235573687,16,,,0,0
405,17.285038807605325,89.49158867503529,3,0.49909193089506065,11,,,0,0
406,359.96082051505425,85.19932780508114,1,0.5222101506346344,4,,,0,0
407,25.937500104126478,63.577167715271756,3,0.25693275086589545,6,,,0,0
408,11.721914584028985,27.751273903766347,1,0.7790047806686295,12,,,0,0
409,34.40041419494847,59.10292465728169,3,0.39748682521394596,10,,,0,0
410,136.90847157420876,13.313924021182125,1,0.32667193723850624,35,,,0,0
411,160.35594319277897,29.73763774854905,1,0.580525608629885,21,,,0,0
412,6.448836625817332,93.59265654958824,5,0.012140037657210301,18,,,0,0
413,101.17961687544428,34.927169072717085,1,0.5778413928028943,7,,,0,0
414,30.633126338478803,54.31183133031337,3,0.3245553800749221,6,,,0,0
415,139.60904811501877,58.10900215304267,1,0.2632705823597326,7,,,0,0
416,12.641843679043712,240.56466036530873,6,0.06084133702570391,22,,,0,0
417,24.927264042235095,98.10506226698332,3,0.37872884798713574,10,,,0,0
418,35.54849806117786,95.17753471275415,1,0.3660989459855962,10,,,0,0
419,29.55389265899675,58.63953188433875,3,0.2275715363856118,8,,,0,0
420,279.6386527887223,70.33627232436886,1,0.438092481023832,3,,,0,0
421,35.428542501163555,73.32173700943355,3,0.46093595423636596,7,,,0,0
422,101.32511934497988,67.79508106070685,1,0.4009606441788931,3,,,0,0
423,86.65027537816971,18.693490874700615,1,0.3528756181483512,17,,,0,0
424,18.259379372379353,50.789661098076394,2,0.34635832994129984,11,,,0,0
425,23.08529102890528,113.93104647160663,1,0.40152426603492064,9,,,0,0
426,30.405524861362586,119.21273458170654,2,0.24374554255708328,5,,,0,0
427,104.99795367448242,96.42586405180522,1,0.5475009406579874,6,,,0,0
428,124.56065494883833,16.114040586298156,1,0.4034632013702394,27,,,0,0
429,16.087050187486476,53.625571763581064,1,0.43675654835222666,11,,,0,0
430,31.50250933323412,109.14258188479627,1,0.46022313285634436,11,,,0,0
431,28.28901612908033,54.91339099340152,2,0.3373958786443342,14,,,0,0
432,23.669497572688634,68.15304658137448,2,0.2708614297121638,14,,,0,0
433,10.736647461380194,47.74696757984027,1,0.7455124542306053,18,,,0,0
434,3.137139887263378,120.86133738899792,2,0.19410743461904342,23,,,0,0
435,36.56469153950171,64.71987169297462,3,0.35714164505056156,6,,,0,0
436,4.786701490467844,241.26226590800945,2,0.06351951783824339,23,,,0,0
437,172.05222292694316,36.823902794014074,1,0.4095184658526094,34,,,0,0
438,87.70936184796156,16.96547602808007,1,0.4437045338138205,32,,,0,0
439,225.14753919324204,39.62589056391303,1,0.21289182129081832,6,,,0,0
440,108.18748916459458,94.89722443244557,1,0.5468516010554414,4,,,0,0
441,105.64490025061451,19.386924742344924,1,0.5969871418831778,29,,,0,0
442,65.08990992109173,39.87509114572144,1,0.4582444786543567,33,,,0,0
443,22.613853695555964,106.20968060846006,2,0.3267386547351324,11,,,0,0
444,12.829289656089875,58.93655709380199,2,0.9088342425519387,9,,,0,0
445,114.5619849176821,17.502468822317148,1,0.6628649852021626,34,,,0,0
446,106.0904849113886,33.73199782711076,1,0.6799015556570878,24,,,0,0
447,164.25822449738445,15.36600294019806,1,0.4678326764943069,22,,,0,0
448,30.564008199683542,60.24887800944314,2,0.45662331692570945,10,,,0,0
449,69.52859008420994,28.003063128867677,1,0.5189366438332585,30,,,0,0
450,36.3457321808547,93.3597234356956,3,0.2895324639926353,14,,,0,0
451,253.61647123379788,85.11153056735101,1,0.38213513120810627,5,,,0,0
452,25.683095984777367,84.03768662507883,1,0.24036373672341532,11,,,0,0
453,290.6753429347369,74.02850193549888,1,0.3934651932837788,6,,,0,0
454,179.40292026690616,20.6156003312257,1,0.5250537350666431,27,,,0,0
455,60.189710067099746,10.71960392554528,1,0.3471702895685087,36,,,0,0
456,15.282431699450743,56.094971114407215,1,0.43705865085386353,8,,,0,0
457,259.3981693240332,32.03821672680225,1,0.332205932837204,4,,,0,0
458,167.04699921479016,26.109026349170936,1,0.6135956132834155,25,,,0,0
459,147.2721793039467,77.98453102425,1,0.5552117878072941,4,,,0,0
460,10.70981641156145,229.07855669011244,5,0.08645936905022258,25,,,0,0
461,114.22875955354344,38.52180249302731,1,0.4209273194522045,17,,,0,0
462,120.00651701159278,15.706350357856428,1,0.5929764267023774,28,,,0,0
463,13.317928911221603,56.228531612661676,1,0.9141032171207895,14,,,0,0
464,65.53677240291489,25.617331363152005,1,0.42499232000851705,29,,,0,0
465,26.027890568808473,49.41206709900749,1,0.28209106575204523,5,,,0,0
466,32.608842403442196,62.66141568069634,1,0.22137286136607282,11,,,0,0
467,66.45598508666716,22.79397235630082,1,0.5384485450127001,29,,,0,0
468,31.771756635848398,82.67879431161022,3,0.42672288067138553,9,,,0,0
469,145.22590824946178,23.961896927031695,1,0.38951778156674405,36,,,0,0
470,332.6610698126949,61.729814738970035,1,0.39013374481465535,4,,,0,0
471,158.1063470670042,33.90273320085882,1,0.5597805651155829,34,,,0,0
472,106.05797505324477,20.221424745374502,1,0.5363880796168699,34,,,0,0
473,38.271581476909816,85.93506326481591,2,0.3776489405246276,9,,,0,0
474,6.070333599910342,211.1283744080154,3,0.09885902947930858,19,,,0,0
475,2.7336267702609818,105.36679340158142,4,0.07799653204615736,18,,,0,0
476,173.19999569953364,23.041811000807108,1,0.437705850572256,17,,,0,0
477,28.72212841508901,44.25018489411074,3,0.44622598509199074,8,,,0,0
478,195.26714408143596,56.70955315577464,1,0.4649950241250101,4,,,0,0
479,26.751652048071687,26.713872407228777,1,0.7047123398125079,16,,,0,0
480,26.400716359463047,103.11427396261126,2,0.3277112512810122,6,,,0,0
481,29.448462519451407,107.74431093389593,1,0.350518641477638,9,,,0,0
482,117.78394904292023,30.71491794587592,1,0.5925172732067348,39,,,0,0
483,26.81128930871614,99.33488885386998,3,0.223424575516747,11,,,0,0
484,27.816577759767895,77.53859136936981,3,0.32630483214463557,14,,,0,0
485,4.818531366454182,90.44101973608886,3,0.03381584819087385,10,,,0,0
486,36.286131401315856,62.22790375474153,1,0.28429157944444666,13,,,0,0
487,156.94088295882884,17.83757763710492,1,0.4939674055004393,34,,,0,0
488,27.398706889294328,119.48684597787134,3,0.2713842317327871,9,,,0,0
489,17.899859110363423,53.40803174019749,2,0.29041013898610973,12,,,0,0
490,329.32637735867456,30.830412806685676,1,0.37952824944855,6,,,0,0
491,4.158929393086044,236.06714279093748,5,0.06699348132360892,14,,,0,0
492,251.89918005382086,43.644797924136085,1,0.47611133156184804,3,,,0,0
493,26.14855508348279,57.5533060581986,1,0.25792385943392315,5,,,0,0
494,27.701877645737554,25.99885548889129,2,0.7389721759616399,15,,,0,0
495,21.673889432191444,66.80910299558721,2,0.9768086172534094,11,,,0,0
496,34.42764875709776,70.62392019545462,1,0.21801759434842752,14,,,0,0
497,4.46028647230679,104.4583420597573,5,0.0436772996395324,19,,,0,0
498,26.147051308073994,111.7209914312967,1,0.3921005807836375,14,,,0,0
499,6.699555366150686,163.41550716224089,3,0.16880983073676736,21,,,0,0
500,4.836219427559676,238.95717187652167,3,0.13636714712206732,16,,,0,0
501,115.15672245066142,32.995242690285735,1,0.37064732180379467,15,,,0,0
502,12.121562116819275,51.6395634554266,2,0.7419828855299165,10,,,0,0
503,28.348501169114158,106.74002338157779,2,0.4987500884005836,5,,,0,0
504,26.459259118901524,94.24622587573529,3,0.24468608887728638,10,,,0,0
505,102.59546571774557,79.09077678184993,1,0.2688996035833998,2,,,0,0
506,17.65828000645706,79.77147972284399,3,0.266171757272877,13,,,0,0
507,248.39092787443337,39.61305813872286,1,0.51724066797862,6,,,0,0
508,28.83519324753547,75.09289696433818,3,0.2122096683085804,5,,,0,0
509,19.48532140369284,47.13129920169189,2,0.4660745425903757,9,,,0,0
510,25.300783112506146,115.04716883572871,2,0.21128636359335176,6,,,0,0
511,154.80072701553468,38.22554758982544,1,0.23827354198372644,4,,,0,0
512,143.27272307862904,85.76290801499202,1,0.5874295351251493,4,,,0,0
513,100.11535550667584,34.15461023675194,1,0.31732699306136697,33,,,0,0
514,146.5683696670719,27.781199867970148,1,0.37950055821861844,31,,,0,0
515,24.388309696943523,57.65302066417319,2,0.3453223147712783,13,,,0,0
516,30.80052792254652,118.04447130542667,1,0.23816352940818947,11,,,0,0
517,166.36907663508788,28.109079485413755,1,0.5551996855520014,30,,,0,0
518,39.891608434997984,87.32646970360815,3,0.2837512635018763,12,,,0,0
519,77.87636421360497,27.211023546364558,1,0.6920736165172582,16,,,0,0
520,158.5549584907286,23.57324104650729,1,0.5233947865756711,15,,,0,0
521,26.994573784812466,64.38692817795445,3,0.45737663336928364,12,,,0,0
522,19.260511515068067,43.21478936966585,2,0.958114795298811,8,,,0,0
523,125.09221277406456,33.83436259787077,1,0.3323836166276193,37,,,0,0
524,190.5374862102571,73.33934152767958,1,0.27010696127466155,5,,,0,0
525,9.784934650166337,382.9614210921347,5,0.09591037310871751,15,,,0,0
526,16.58422950148839,67.61812654281297,2,0.3580047797327336,6,,,0,0
527,38.63413305826915,104.70367013101841,3,0.2196882773675477,13,,,0,0
528,21.89856840521555,95.76656886813285,2,0.46249794186112914,10,,,0,0
529,113.26320624742738,29.340533246431267,1,0.3251798034371037,36,,,0,0
530,99.15676965071117,27.800717651662676,1,0.6367631481542251,26,,,0,0
531,39.26810120942933,101.57997896999937,1,0.3059362686076359,9,,,0,0
532,32.321481724215886,93.30847727922038,1,0.2713715973129511,5,,,0,0
533,22.923594113070994,67.50776120897783,2,0.36195997888326426,6,,,0,0
534,98.42615171318047,10.128829174522346,1,0.6902404144627124,23,,,0,0
535,2.7354173734626235,176.089357538912,5,0.08842110684318011,20,,,0,0
536,160.90522994431686,23.37918073476707,1,0.32201345446154833,31,,,0,0
537,26.136452048469963,93.72462210513574,1,0.35353625653927834,6,,,0,0
538,6.269020349816995,142.83709440856535,3,0.05693007311958105,15,,,0,0
539,311.01351374155803,50.20438128311427,1,0.588144269280802,4,,,0,0
540,36.688145496938574,118.93106778586909,1,0.4880285894662415,12,,,0,0
541,150.62924973506222,14.10781119747256,1,0.4527078130527233,28,,,0,0
542,15.67100036725766,40.195733996643995,1,0.48680797883992316,13,,,0,0
543,89.37003138224117,13.580639905792108,1,0.6977331816274682,16,,,0,0
544,27.356127466686218,25.97918420031749,2,0.8725791059826576,18,,,0,0
545,16.816758841492877,40.97570025781063,2,0.8067952969269042,11,,,0,0
546,296.9728392806826,68.05986346738398,1,0.5307287986427393,6,,,0,0
547,15.322441595969616,81.4536597021924,2,0.3454697074264165,8,,,0,0
548,30.33570898504049,106.5132945492835,2,0.3596286960971664,10,,,0,0
549,26.987955746838807,64.92587726774853,2,0.4451116109831733,13,,,0,0
550,151.1484081327653,89.97706464377862,1,0.29062977226802206,2,,,0,0
551,298.2668594538648,32.97618585634656,1,0.5172220726602936,5,,,0,0
552,34.559270352831774,113.60784566509244,1,0.4703524601460049,6,,,0,0
553,2.8027866801298438,165.10785060179504,4,0.04836450443403306,18,,,0,0
554,37.54150728769933,82.97011912127073,3,0.22960571555249118,7,,,0,0
555,81.70182451731755,20.64467034816022,1,0.38570960019305645,20,,,0,0
556,32.61827287977026,84.57056982644592,1,0.2984346221991915,6,,,0,0
557,7.905893250179464,359.5023867475187,3,0.006960915695693071,27,,,0,0
558,9.380583504040716,304.39351371992547,3,0.01433675616593022,19,,,0,0
559,8.386316463370882,286.5890323842187,7,0.012276216769866366,27,,,0,0
560,137.25974137475345,22.00706586750536,1,0.5412661729757153,25,,,0,0
561,30.709275741577706,50.76867045743675,1,0.2158557262204121,5,,,0,0
562,116.49174786394198,35.35620813277097,1,0.5070288434391841,6,,,0,0
563,28.66550084532618,116.20643959281738,1,0.3291219216885991,14,,,0,0
564,163.24328432623963,19.091337148405664,1,0.49659184345805973,18,,,0,0
565,247.3578141942624,63.313773865683956,1,0.40267401950281,4,,,0,0
566,15.703674664807211,43.60947616588953,3,0.30466303633798675,12,,,0,0
567,23.781731511736147,92.8992004658156,1,0.394424847465976,10,,,0,0
568,26.522734660239475,109.06948174385609,2,0.4704229535635694,7,,,0,0
569,35.20816420919422,48.00453465632436,3,0.30079023874565525,10,,,0,0
570,36.18335235381634,102.97196869571279,3,0.36075020703840277,7,,,0,0
571,36.10467210005843,47.578689212718395,2,0.22018093295342095,13,,,0,0
572,209.05038325079227,67.79633054088583,1,0.3609203822948479,5,,,0,0
573,29.42108238101073,57.036224401477696,3,0.42266240329616445,9,,,0,0
574,262.3585796838064,66.55887100134314,1,0.2590974755298315,2,,,0,0
575,20.088951037445476,72.99507037814543,3,0.39381279608737896,7,,,0,0
576,26.603992522765388,84.78600084262675,2,0.3940766153610996,5,,,0,0
577,31.313025437711246,68.18934452625885,1,0.7059726224586231,18,,,0,0
578,5.287153016243851,95.35206971669314,5,0.14484689063243608,12,,,0,0
579,171.78667502873552,17.554241753321385,1,0.3952307420963684,18,,,0,0
580,25.571724962072146,51.54223269630314,1,0.4909770427820399,9,,,0,0
581,25.594532913501208,94.61907580277126,3,0.46383006226481477,14,,,0,0
582,36.03682416294696,92.97787475522836,3,0.407204736584702,12,,,0,0
583,2.610268843729447,227.3819989724824,5,0.07769420297125891,23,,,0,0
584,20.25966228161319,111.21973822130396,3,0.3894058107968815,13,,,0,0
585,21.777282084700087,40.64806592706486,2,0.9152158053719237,18,,,0,0
586,157.61136580800508,32.13356561812051,1,0.3109403573333485,16,,,0,0
587,22.843045066261542,46.57856411387216,1,0.3549097673153071,14,,,0,0
588,221.55050698827284,81.46204761673276,1,0.47498674867457275,6,,,0,0
589,37.10853576108637,57.9589706782905,3,0.47693370556502784,11,,,0,0
590,25.02587277777568,74.31226944946809,1,0.22671838020838692,8,,,0,0
591,140.83320512844534,13.555370470393584,1,0.376217666107572,36,,,0,0
592,39.8801862493323,62.637379602615866,3,0.3254992973365706,9,,,0,0
593,142.11205033710797,23.744923342556955,1,0.3532819744093521,23,,,0,0
594,116.20184107255184,34.112661955117304,1,0.2939365758625639,7,,,0,0
595,90.43882593918622,28.58973630836703,1,0.45787872574109434,24,,,0,0
596,36.947418799267126,50.55356269457816,1,0.35912714026778114,6,,,0,0
597,33.155926061810185,34.146275409606346,2,0.8838794711893555,17,,,0,0
598,18.781618653922287,108.24269290140438,2,0.43946605497596325,5,,,0,0
599,39.88004358395472,114.17650729114459,1,0.3069560348737655,12,,,0,0
600,31.704327740541927,29.03274820557,1,0.852621329179194,11,,,0,0
601,9.16418991389969,141.51392958256662,6,0.06769085160963627,27,,,0,0
602,35.92443021452769,52.30203749470383,1,0.44920976767176385,11,,,0,0
603,38.77239921188019,65.99323746408129,3,0.42029586786079043,14,,,0,0
604,68.486890685996,38.55700565925796,1,0.4595433987830993,19,,,0,0
605,17.123397224986554,57.627928314519096,2,0.7361805952307879,13,,,0,0
606,318.8145404387312,65.88572579615554,1,0.5541652154567525,4,,,0,0
607,20.650427470532705,22.021904480957037,1,0.8390574626843036,10,,,0,0
608,112.48266227172296,37.21623133157448,1,0.3594426154619045,18,,,0,0
609,16.127372591460965,48.61057371535991,2,0.22834530874637476,11,,,0,0
610,31.53945808538775,54.3641756690604,1,0.3178872012613536,5,,,0,0
611,91.80892676830385,39.00158880310772,1,0.3748766935201536,19,,,0,0
612,17.916956509147695,53.738828096271135,2,0.4075418689960798,13,,,0,0
613,140.85637715143704,30.708800630666826,1,0.4210626634586904,18,,,0,0
614,11.486232217040225,301.9271512903158,5,0.06260591511293452,26,,,0,0
615,78.2906687904428,31.077943171247675,1,0.48859567946084664,36,,,0,0
616,25.760247008433474,55.654640731136475,2,0.9545848783009571,16,,,0,0
617,133.37943518335902,30.360037514211193,1,0.49516059825392295,32,,,0,0
618,26.833449288632856,79.58310402792495,3,0.30402923401070847,11,,,0,0
619,37.72675385418796,67.13223989113305,2,0.45274014036774446,11,,,0,0
620,5.67292316109894,215.31535282951015,5,0.16890625679794813,19,,,0,0
621,17.522593139388125,73.27874895516317,3,0.29109556801926845,7,,,0,0
622,37.361436766288975,42.557600621471124,1,0.3291861387654452,11,,,0,0
623,36.94284117911427,61.399298844526825,1,0.40704067470214295,10,,,0,0
624,73.31170139431336,13.176755781841067,1,0.6128625031065564,38,,,0,0
625,78.84390568287606,18.763689631558215,1,0.5023586466860502,33,,,0,0
626,25.39374596797289,101.52265310680124,1,0.4427435647107586,8,,,0,0
627,131.69308399507196,82.74550197329759,1,0.2912728015720675,6,,,0,0
628,10.744073175374174,27.279215294924324,1,0.9418740597010002,19,,,0,0
629,31.504404306880915,91.3172603553248,3,0.21734294886380354,11,,,0,0
630,28.840260705639864,64.34584183785381,3,0.47276925596033936,5,,,0,0
631,239.71695502623103,85.18391052837015,1,0.47898838622942747,7,,,0,0
632,33.12746705839048,99.2041777848456,1,0.49757719086287217,7,,,0,0
633,309.06464229137805,71.47525212249393,1,0.509663114857501,6,,,0,0
634,16.19332182343303,92.07699354967059,1,0.28938833379544754,12,,,0,0
635,11.277443518155852,269.32082382186366,5,0.035033713504077205,17,,,0,0
636,180.15791484731622,70.76583321004262,1,0.34450701312515014,2,,,0,0
637,26.15410217606885,69.5435373048916,2,0.376471837369282,10,,,0,0
638,118.74492800091232,39.198174495307136,1,0.35773847253854835,18,,,0,0
639,21.83388904344428,57.32481530190992,2,0.8107996178903372,19,,,0,0
640,104.57608250223808,39.730603033555994,1,0.49437021621459054,34,,,0,0
641,30.478126730706602,44.43968281227564,1,0.8045946830531162,18,,,0,0
642,5.600167476895581,182.97065073682091,5,0.1009527722544376,16,,,0,0
643,25.240708177394254,58.62578266873623,2,0.3622983352373981,14,,,0,0
644,29.903969535901236,55.369942452329425,2,0.7371344834057558,14,,,0,0
645,26.895892303928505,111.74914241949563,1,0.48085454299716524,6,,,0,0
646,311.90328163448396,72.47983748041229,1,0.2179934575899632,7,,,0,0
647,12.866115603556132,24.9666816524339,1,0.7432102758795073,11,,,0,0
648,15.67927981043246,44.68014258028526,2,0.29601243915213765,9,,,0,0
649,29.650726921202825,79.43835527218656,3,0.3155146038890415,6,,,0,0
650,166.33870752330677,18.07479215131892,1,0.570038971607415,21,,,0,0
651,84.41482882161282,39.03734538161017,1,0.694123486185635,34,,,0,0
652,159.52461417382648,18.677483645020168,1,0.3002171726828069,38,,,0,0
653,29.628979161509164,80.82627372819857,1,0.42175488367845704,10,,,0,0
654,25.79906080120246,88.83562475730196,3,0.2954911825446746,11,,,0,0
655,100.99557656999579,23.793980246557147,1,0.30634984646444985,32,,,0,0
656,6.4763408860746745,199.56094475929467,5,0.10762629074029442,21,,,0,0
657,18.824868308760042,60.63906236602978,2,0.8073897221388318,10,,,0,0
658,86.58249176425734,10.59345008993618,1,0.6685594758665495,23,,,0,0
659,189.82477415441656,49.652945060272884,1,0.48278720261462615,3,,,0,0
660,23.79462968442035,52.991921059345756,2,0.9047150804168862,14,,,0,0
661,28.076998987961346,102.58021669049738,1,0.4033936150888745,14,,,0,0
662,136.91595435717682,38.292226713157454,1,0.6755037317365385,25,,,0,0
663,166.05629299988175,16.736446182496394,1,0.46802482763651093,26,,,0,0
664,177.37147333283627,22.71460770616882,1,0.39999366461299896,19,,,0,0
665,135.15565300142242,20.029076078647577,1,0.3431362613248125,20,,,0,0
666,260.380802792278,83.4868999324512,1,0.43157378770359267,2,,,0,0
667,32.97789469405768,42.09592016592205,1,0.8878555635329463,8,,,0,0
668,20.82779960047132,87.96606826035666,2,0.2031819636823488,8,,,0,0
669,26.35191908426823,66.25549351442656,1,0.2308068961179746,10,,,0,0
670,110.52084041958985,31.73869109619801,1,0.3972609911491653,34,,,0,0
671,6.426109550190855,211.83426294294145,2,0.061734882896139445,15,,,0,0
672,319.6731056932265,90.10915438698612,1,0.2781628518596612,3,,,0,0
673,254.93463341455018,53.180180412833444,1,0.5852259556521787,5,,,0,0
674,91.01669487104519,45.6117562094736,1,0.4495680070314959,3,,,0,0
675,362.21646198518187,55.397200217041714,1,0.21200703547803046,2,,,0,0
676,144.4018734479527,42.19026264046246,1,0.4875346695610419,4,,,0,0
677,26.936309474938273,38.946137895758895,2,0.733290702860914,19,,,0,0
678,364.3661014093536,91.71646565467316,1,0.22615100776700175,2,,,0,0
679,39.424538507339165,59.56397111476278,1,0.38480840233115676,6,,,0,0
680,36.287565959295165,117.47074460034503,3,0.2627712720497665,5,,,0,0
681,121.09902206742711,24.957633283486743,1,0.42872925315048355,24,,,0,0
682,29.59956553759747,42.92835903596853,1,0.2609001490147711,13,,,0,0
683,126.06623686977527,14.029909465824684,1,0.4778021261656902,23,,,0,0
684,156.5405358352152,19.510612772334994,1,0.3718262924006238,20,,,0,0
685,29.646832398404356,66.33029596050888,1,0.721404603183799,8,,,0,0
686,21.861613912627554,96.45141101123932,3,0.499521529350428,12,,,0,0
687,25.095278536121363,72.46067870966274,2,0.39659255224143874,9,,,0,0
688,26.86095629515558,81.26602803886153,3,0.4272863897727541,12,,,0,0
689,20.239618837587685,75.99775484379776,2,0.31241005019608936,10,,,0,0
690,20.478682895325,54.28814029418908,1,0.9335930213865309,14,,,0,0
691,3.6512526410889206,187.07268220078038,4,0.12156745429915,23,,,0,0
692,128.3418014305277,23.546059795991322,1,0.3372966026408185,17,,,0,0
693,175.5593467228658,18.51452861857987,1,0.5638279572856297,16,,,0,0
694,12.76859870723219,46.82265096098676,1,0.7206288972250958,19,,,0,0
695,132.44513384260955,38.174627641658574,1,0.5009900084637762,32,,,0,0
696,28.146412620114432,112.82420311524217,3,0.33806136800951236,10,,,0,0
697,95.6938472906563,28.390825351349175,1,0.3700505149813078,21,,,0,0
698,3.967756587961493,240.76685143577276,2,0.17410791837860976,14,,,0,0
699,225.709083736699,99.46728053190004,1,0.5981265526078107,2,,,0,0
700,115.46009840969849,12.19586476062237,1,0.599894456451845,24,,,0,0
701,23.177759064416506,99.8940822268996,2,0.22047115135762532,10,,,0,0
702,10.45165319125886,25.025756052597092,1,0.8603961499216701,12,,,0,0
703,15.861121135333123,94.00353046196628,1,0.40902270908897226,13,,,0,0
704,11.310381404721241,20.23328663731541,2,0.930134271536182,19,,,0,0
705,83.05821837183194,30.068483664804283,1,0.652914423038373,34,,,0,0
706,127.44649406682231,15.686426078827683,1,0.5166810613723514,38,,,0,0
707,24.729666488760696,76.70207453971874,1,0.44452546748174193,11,,,0,0
708,17.54533974687217,82.89452242330299,3,0.45513951011569437,6,,,0,0
709,280.77320461389525,53.243258314379844,1,0.5535868128765378,3,,,0,0
710,136.87103457016997,16.972764321435996,1,0.6953523457446446,20,,,0,0
711,106.47882955393014,56.21665399455169,1,0.26066823415681106,3,,,0,0
712,3.3906322165406735,189.412352172919,5,0.10417457191911304,24,,,0,0
713,23.4827938031543,65.3316028854542,2,0.7745014148983027,16,,,0,0
714,36.746668497406375,45.59879359821152,1,0.39031008778217263,6,,,0,0
715,11.954112840115988,56.249455238533855,1,0.9165021297280556,10,,,0,0
716,153.75467105016475,12.400479156750405,1,0.45929778926884374,19,,,0,0
717,95.44804621138091,56.699351816757094,1,0.5035433289601118,7,,,0,0
718,24.378672123354317,88.48202853253146,1,0.2409969047789202,9,,,0,0
719,171.08292855246677,38.20854955792048,1,0.44925795907985394,27,,,0,0
720,29.140214801274684,55.538256027073174,2,0.27657752507463923,14,,,0,0
721,344.7926579908363,81.49649439212253,1,0.2138030288263218,6,,,0,0
722,141.72797812286083,17.628641034829943,1,0.6807112981754679,36,,,0,0
723,6.5049782499800735,168.1512974552166,2,0.08458897198114335,22,,,0,0
724,203.1924728447729,91.34803291188508,1,0.2355493757405104,5,,,0,0
725,174.72759426955568,99.09178452035715,1,0.2006314310338219,2,,,0,0
726,283.6129790689149,43.861437023080796,1,0.5793933245844789,4,,,0,0
727,37.5568322225689,72.70339217229511,2,0.38732643673389133,13,,,0,0
728,26.947427966668148,93.82436738046025,1,0.21831694006788896,12,,,0,0
729,30.074621796621777,118.95174739483468,3,0.47963851426376286,9,,,0,0
730,33.52477616839309,53.25391426625525,1,0.7171724631830417,12,,,0,0
731,128.18733250396042,72.13364235015673,1,0.3117870120735822,6,,,0,0
732,141.68210715696588,99.03269838292246,1,0.5250476191108928,2,,,0,0
733,25.00412977099505,89.00738763449215,1,0.32837488414142596,14,,,0,0
734,2.9753847759940464,104.33744563069925,4,0.11437852499613455,22,,,0,0
735,36.86964442335126,53.44422811055694,2,0.2347035925436807,11,,,0,0
736,286.83541791912904,41.216469444559834,1,0.5610594075426155,6,,,0,0
737,23.363582572629337,56.27072032241478,1,0.9075353644776369,18,,,0,0
738,148.32029854508767,21.449515146148123,1,0.5247599779553651,36,,,0,0
739,38.4302662663453,99.5694201839016,1,0.31032110779155225,13,,,0,0
740,39.49623745376216,65.57143912987763,2,0.4037906511141177,12,,,0,0
741,18.617519664791963,115.4311926942012,3,0.3499497995078137,9,,,0,0
742,17.722285669739914,69.51675559900701,1,0.9990545813314675,16,,,0,0
743,181.6147503405296,87.95192860196263,1,0.49306324104795723,6,,,0,0
744,39.609738553876454,92.7400248720505,3,0.49731896449975477,10,,,0,0
745,167.83596424497753,78.74634209733057,1,0.542500887954265,4,,,0,0
746,21.438312503441047,28.184723398520575,1,0.9087866577858665,11,,,0,0
747,248.3125766592894,77.48224642116537,1,0.2590421836869591,7,,,0,0
748,16.31180288593226,118.42214078631113,2,0.3780177170794191,14,,,0,0
749,38.86388409370314,92.22375735354437,2,0.40753845495990804,12,,,0,0
750,191.01384038620193,38.400026993184795,1,0.39568737638416684,6,,,0,0
751,155.32124572355656,15.432897817483516,1,0.557838659592679,25,,,0,0
752,6.06433968621276,83.35688603628732,4,0.10728335795324229,22,,,0,0
753,297.07175252625746,97.5976730592606,1,0.27226566929222173,5,,,0,0
754,19.030256548490545,84.99969676539926,3,0.21050158385472817,14,,,0,0
755,96.07199732616508,38.38643847684441,1,0.6131207296055461,31,,,0,0
756,124.58513841979833,16.295185168369926,1,0.627905318274306,20,,,0,0
757,3.7953258111102772,101.84365953466109,4,0.014871931895388069,13,,,0,0
758,32.362884272494156,82.87234556899243,1,0.41980246961727663,14,,,0,0
759,205.4137799585696,40.74439869929271,1,0.3734508525697645,2,,,0,0
760,31.004437224748386,69.0255587752136,2,0.28197590070887574,13,,,0,0
761,6.628179301452022,109.87433328852701,4,0.06130991069797731,22,,,0,0
762,32.41425608246834,28.537370830027903,2,0.8168689992591869,12,,,0,0
763,75.30866437470408,10.284924064574763,1,0.36219651298988736,18,,,0,0
764,158.50569759688665,72.6092093384047,1,0.2732418103187084,7,,,0,0
765,157.68279006668695,19.15562293729974,1,0.6789818594028398,25,,,0,0
766,105.78816863343795,82.03866198666066,1,0.3971402132759896,7,,,0,0
767,364.4374670916266,92.1656373684753,1,0.36218858067363574,5,,,0,0
768,293.22036673741695,96.56078729355428,1,0.5521327583341042,5,,,0,0
769,151.8938589325093,35.25856618354891,1,0.4054737936058388,7,,,0,0
770,28.477990562240976,101.31311288941274,1,0.2897533978889689,7,,,0,0
771,31.074340886534937,106.05819099749199,1,0.3389170942287756,11,,,0,0
772,37.25490691558152,54.892616511623906,2,0.23040133363933224,9,,,0,0
773,31.415836149851746,58.087618631540934,2,0.2897854857843273,9,,,0,0
774,102.44853324928083,23.01880464087655,1,0.6482056281245333,19,,,0,0
775,144.72277913841125,63.55064896627455,1,0.3063198480570087,4,,,0,0
776,27.546464563532645,113.88490005844426,3,0.31665455206800475,6,,,0,0
777,141.39723822161773,20.264229945018524,1,0.5949726224184897,25,,,0,0
778,21.236669659826685,101.33820838631391,3,0.49827711813365466,7,,,0,0
779,14.52970623758975,69.62758341985639,2,0.890343157534434,10,,,0,0
780,2.454677152050663,88.66241212680899,3,0.06128918930911847,19,,,0,0
781,92.3095307024504,18.41667822219403,1,0.4672296799628991,22,,,0,0
782,339.83254311079907,37.053318993475486,1,0.5793312743046473,4,,,0,0
783,148.95505232516103,20.841548906922043,1,0.5115448254487329,24,,,0,0
784,13.008858680918614,49.32807280433557,2,0.8963065478594805,10,,,0,0
785,178.75735380737902,16.059973508169698,1,0.3175244424576519,19,,,0,0
786,32.37282569818423,42.42411100486839,2,0.9732547538789937,8,,,0,0
787,18.22335591347075,43.635618064286064,2,0.4383171140532359,11,,,0,0
788,28.768194785207204,39.207520992494594,2,0.8202546878320389,11,,,0,0
789,215.24627140574069,79.54278149038956,1,0.32136406854532684,3,,,0,0
790,18.7034869086083,110.68819777831823,3,0.28113045664142705,12,,,0,0
791,132.6191442956495,21.073304859823406,1,0.5821846869110655,28,,,0,0
792,35.59829465215712,57.54236741690437,3,0.2530205717444134,14,,,0,0
793,195.04476882558674,75.76773031066477,1,0.45372221649987005,5,,,0,0
794,78.6769772583746,16.95169427912203,1,0.44745600267748287,37,,,0,0
795,28.236999806092424,52.378213585184604,1,0.7488755946276777,10,,,0,0
796,39.259636626114,48.018703892413924,2,0.4180293874825035,13,,,0,0
797,11.093501063469617,32.41714722295017,1,0.7427906817315483,15,,,0,0
798,32.68639387282826,56.18573137475853,2,0.3688553703406236,9,,,0,0
799,18.076887879745644,105.99399211676469,1,0.289021547367944,10,,,0,0
800,31.384114937269352,58.070751381928275,3,0.3154231422098718,13,,,0,0
801,23.93269760092533,89.25574143750953,1,0.47699588222362593,14,,,0,0
802,78.02640428523799,30.018201549461644,1,0.627025017997639,23,,,0,0
803,2.3818474631330417,80.37039001652131,5,0.029728589620864443,19,,,0,0
804,248.90679186247002,97.1709720110114,1,0.2361788073869151,7,,,0,0
805,155.22019085580484,20.00395435204087,1,0.5615816888857034,21,,,0,0
806,129.7156724765191,22.655222831728892,1,0.5773995811083676,33,,,0,0
807,14.576157713949133,377.853148213355,3,0.03493475344841073,27,,,0,0
808,37.823847722462745,59.39979267760358,3,0.21675969976260223,6,,,0,0
809,32.53504408635382,93.01978563166087,1,0.4512311583621628,13,,,0,0
810,18.74293062191786,54.59396092281623,3,0.42443213729735474,11,,,0,0
811,132.86901739612384,91.68099995681494,1,0.5004531716513043,5,,,0,0
812,32.97875575200936,45.0936218746133,2,0.827101078476273,9,,,0,0
813,20.472660324031665,54.6955018177658,3,0.36778828636948036,13,,,0,0
814,156.40071127248837,29.399415870954517,1,0.3433603528273107,16,,,0,0
815,29.92776889558453,100.52171522956313,1,0.3655074131527377,11,,,0,0
816,65.48167352203926,19.437408766123113,1,0.30339149230880025,23,,,0,0
817,283.2306228990761,36.81658851498569,1,0.4965805366741967,2,,,0,0
818,22.252984524000993,52.12302487038015,2,0.46556116184432667,5,,,0,0
819,355.0085237841716,66.14105581834555,1,0.46055796600367743,7,,,0,0
820,37.266998274766365,101.93400006465524,2,0.2626461923055563,11,,,0,0
821,164.45489762086478,26.414081573680118,1,0.6125782069418872,17,,,0,0
822,17.230731038587898,54.33490020671786,3,0.2773832298505529,9,,,0,0
823,15.989816032996792,108.72026043333116,2,0.45710028771985356,14,,,0,0
824,4.529712149876813,124.6806635644992,5,0.13651111728351648,19,,,0,0
825,17.266515004601644,27.910290200313074,1,0.7218936031081928,12,,,0,0
826,70.29870556021335,31.953343698758257,1,0.6689962994961287,34,,,0,0
827,9.762194686705353,197.9450175708683,3,0.015574111751119547,20,,,0,0
828,103.37913106938522,22.903292174315638,1,0.3216310060366776,36,,,0,0
829,108.60821761045673,18.950104089180208,1,0.6485156518808658,28,,,0,0
830,33.82940126525331,53.16266250527221,2,0.3257303233779041,9,,,0,0
831,15.248287722637585,102.64578991757588,2,0.22334261400116312,11,,,0,0
832,3.582576446763678,105.58606753055147,3,0.029497317223914955,22,,,0,0
833,159.90129934901034,13.771516151940759,1,0.6877830045770913,17,,,0,0
834,101.77026648202217,38.57130643527783,1,0.5307345716807379,15,,,0,0
835,137.8694012752606,23.679924550813524,1,0.4408844883089836,28,,,0,0
836,29.87229525347373,83.4210303043581,2,0.4535274825832373,11,,,0,0
837,6.029698812858556,97.64804672627486,4,0.12325207431986443,16,,,0,0
838,15.815888432359346,63.19235673648432,2,0.2668638112624293,9,,,0,0
839,25.323368554561128,105.63343801788056,3,0.4223459170665038,5,,,0,0
840,29.878455234568136,40.73582622159302,1,0.9700561759823391,12,,,0,0
841,18.37724845305285,67.95802964724132,2,0.7725493339204927,19,,,0,0
842,25.90683728277901,68.86778173152831,1,0.9712514117020181,14,,,0,0
843,161.1636871953355,28.819551449268765,1,0.5211622034283077,38,,,0,0
844,144.9091096612863,37.61783182004091,1,0.4529619396486576,33,,,0,0
845,22.423062658650597,82.8333776238303,1,0.43400868581331686,12,,,0,0
846,4.896772878875548,97.581269136506,3,0.11917888838452745,11,,,0,0
847,106.89602503240559,24.73110872405204,1,0.3294303878739991,38,,,0,0
848,19.49516089609917,40.811223330282075,1,0.37018815494599955,11,,,0,0
849,79.0065922037499,32.250904870294264,1,0.37713810386094676,15,,,0,0
850,18.18849320310448,30.98805557319624,2,0.9819544310716843,11,,,0,0
851,119.49620464688121,25.37969640188195,1,0.37722169533399685,19,,,0,0
852,22.78962823853886,103.52796209206092,3,0.34634953685135766,13,,,0,0
853,128.05704416595296,21.218814603513778,1,0.3257065011543136,19,,,0,0
854,39.12863122867387,68.1802668561379,1,0.2539712707900415,8,,,0,0
855,123.63349141664112,52.30123987928383,1,0.3315477556400669,4,,,0,0
856,17.573004841983074,62.24387748018838,2,0.465008037106901,13,,,0,0
857,144.20889436197598,86.19076344799547,1,0.5961038865876658,4,,,0,0
858,31.091665212680702,108.48824535355492,3,0.4734929430375364,7,,,0,0
859,2.3472705732991304,96.17036902214986,5,0.14465073391943914,14,,,0,0
860,32.411423471563836,76.36653929551639,3,0.49014575833932716,6,,,0,0
861,23.071476009001724,95.00791294828258,2,0.25105743576888007,6,,,0,0
862,7.596876910576174,339.78432992146406,3,0.09471448608062423,13,,,0,0
863,26.517344064992187,50.103096556265754,3,0.4259104480984739,13,,,0,0
864,31.53172438779917,118.10795621904231,1,0.41925937417754455,7,,,0,0
865,148.2321934603424,16.17673703170532,1,0.6887060835796766,16,,,0,0
866,29.76307749033021,82.21157104607065,3,0.4281463875123442,8,,,0,0
867,6.8753234167557915,227.53599379570238,4,0.15600421190292374,12,,,0,0
868,31.90490590542059,57.25129966072707,1,0.9682294162977788,10,,,0,0
869,25.786840917927403,52.04960369880676,2,0.3523780472585697,5,,,0,0
870,200.74032838327736,71.58344156529604,1,0.39744649087970985,4,,,0,0
871,21.654456116029458,45.2677908731292,1,0.26793950471863215,11,,,0,0
872,146.568978332229,85.00093560107263,1,0.31519701989249393,5,,,0,0
873,339.3336358232973,46.703363969298294,1,0.227781853576438,3,,,0,0
874,91.65986259096043,12.30931203903074,1,0.6412358671716865,29,,,0,0
875,29.181668251761465,119.23304813543473,3,0.35758075528550104,6,,,0,0
876,362.1931075682613,48.01376585989145,1,0.3457157327495538,2,,,0,0
877,253.8294736534177,37.89327471625522,1,0.49128621709287257,2,,,0,0
878,33.525310735368365,117.86324705524476,2,0.42330953573273267,6,,,0,0
879,21.23173366996118,67.915306268667,2,0.7795927999399468,16,,,0,0
880,10.200777329641255,216.1168440697196,6,0.043345962312320546,20,,,0,0
881,4.331587362323815,105.53871779845392,5,0.12475902670344836,19,,,0,0
882,29.82679045264344,44.255462579945586,1,0.3290968485599507,11,,,0,0
883,34.22213445617801,52.40296122651414,1,0.28120066853458636,14,,,0,0
884,35.292727216798866,90.96357189788867,2,0.4900720445159737,5,,,0,0
885,129.38009006307396,30.499635510368723,1,0.35427630071733085,28,,,0,0
886,165.11057749437003,23.106784469494734,1,0.47676053254048045,22,,,0,0
887,63.32075260212268,26.767273104136166,1,0.46836744871267366,33,,,0,0
888,127.86895204586259,18.8002956033206,1,0.45706372894625613,25,,,0,0
889,159.58731471256033,29.496398219551647,1,0.3389596248326901,22,,,0,0
890,104.58057327518225,44.35451147063435,1,0.4961696474769069,4,,,0,0
891,15.16127001598791,78.79641152838701,3,0.23441265910970135,5,,,0,0
892,26.09539687460547,44.45225293996599,1,0.3213672008001496,14,,,0,0
893,25.42896295398409,41.6176849403405,2,0.7554423558898706,17,,,0,0
894,140.1042635142979,38.77274243282463,1,0.5670798637723367,24,,,0,0
895,127.70509009608274,10.330589319885835,1,0.5580435951066682,37,,,0,0
896,3.384520195764305,246.89812657917642,3,0.1711679143622848,17,,,0,0
897,32.980227724304,67.14328614442451,3,0.43600906015941343,7,,,0,0
898,4.358761564114756,192.02520773309226,4,0.18548244909492168,21,,,0,0
899,4.01886926098056,87.63795245452756,5,0.03183593486503409,11,,,0,0
900,291.47793940299266,46.56320301726629,1,0.2695991835837458,7,,,0,0
901,68.74580333369533,32.90055849574255,1,0.6362717420740707,38,,,0,0
902,7.524949423305914,242.50415913818568,4,0.020119274215514883,14,,,0,0
903,84.42475321880507,34.30026541811881,1,0.4438244008254577,25,,,0,0
904,226.44825408076977,88.26820362004067,1,0.3894931480313846,4,,,0,0
905,16.771690429961758,46.251504497046696,3,0.28946809493209347,6,,,0,0
906,21.284546179776342,96.26186511391711,1,0.46144200077175274,14,,,0,0
907,2.283240994287342,198.57804441159533,2,0.09419574132103753,23,,,0,0
908,18.482215703322236,83.7669878105893,3,0.4772522786796348,11,,,0,0
909,5.82787111429451,86.01155272717585,5,0.1899815565589669,18,,,0,0
910,2.1780004239304627,166.2927251181875,4,0.08630311262248842,14,,,0,0
911,28.35464652779305,108.82355772220396,3,0.4213770710336302,10,,,0,0
912,112.55434255420496,36.914401862543784,1,0.4470834682935151,19,,,0,0
913,166.60024059510383,33.795425266672126,1,0.6963754946046087,15,,,0,0
914,23.741686605367065,92.41671615268272,1,0.28772381647612805,11,,,0,0
915,33.38046569627241,68.55666512110244,3,0.2660861867149364,12,,,0,0
916,281.88721402652766,65.24117817958052,1,0.5601701510275419,6,,,0,0
917,33.54771646726237,56.86157055064919,2,0.44491391283558324,6,,,0,0
918,64.05074203339092,18.339019921773705,1,0.630871540203978,17,,,0,0
919,15.14325301709156,29.22133984413955,1,0.7156778953829462,11,,,0,0
920,168.8939499222035,34.307310600575434,1,0.6029008866171394,23,,,0,0
921,120.03280630078831,57.16773939634227,1,0.4711878099662616,7,,,0,0
922,105.75492423832338,32.369016109245955,1,0.35274908515129266,15,,,0,0
923,24.865030094721575,89.24377994195811,2,0.3977689830597787,12,,,0,0
924,81.45412752968849,23.881728056952362,1,0.4865758002907149,39,,,0,0
925,30.258213049070513,65.12212273674803,1,0.2539411729380644,12,,,0,0
926,65.94956090987246,13.433396888062543,1,0.5737765535912489,36,,,0,0
927,21.43612686844881,94.27102556522541,3,0.30600051255622807,12,,,0,0
928,99.09468552800944,21.140780857757743,1,0.46638786814031946,31,,,0,0
929,269.29400841181564,62.94795241932249,1,0.44876654753433887,2,,,0,0
930,27.769903562174733,102.46990009668076,2,0.37444594959804467,8,,,0,0
931,111.57236738260329,35.4118008695823,1,0.28983240296066515,5,,,0,0
932,104.14366358483622,63.06304116654279,1,0.3764069656042437,3,,,0,0
933,26.395529343712397,99.85506234907916,1,0.27231394300984024,12,,,0,0
934,132.62623002858444,23.46904064408782,1,0.5277369017238053,35,,,0,0
935,91.233474429717,18.606555687242402,1,0.33260238292367095,25,,,0,0
936,94.26586919175094,38.45521918910586,1,0.42183151159102283,7,,,0,0
937,75.88533060094453,36.006399660403204,1,0.6617041570614537,23,,,0,0
938,29.786950053415715,89.33036751018273,3,0.2135713094631267,12,,,0,0
939,117.25272569070489,14.03816619517873,1,0.6063822853254024,37,,,0,0
940,105.52494971791225,23.157611230773238,1,0.5352323510625945,38,,,0,0
941,161.2878512692841,22.800685901624824,1,0.42743132042080223,19,,,0,0
942,10.75137822922943,292.3336992265498,3,0.028479095671767398,14,,,0,0
943,33.83672012130161,113.96126820544873,2,0.24230093753928544,7,,,0,0
944,5.994960009870405,81.13306815193744,5,0.0051554610871382914,13,,,0,0
945,73.15378521345636,31.189665999826115,1,0.4777620252635471,25,,,0,0
946,111.74344680962204,85.53241786041053,1,0.33084628628709073,5,,,0,0
947,344.3007447238872,60.33643370144602,1,0.517678959731152,3,,,0,0
948,18.421866816718758,70.09672455317664,3,0.40200428931939225,7,,,0,0
949,38.77081895550829,108.57254369454597,3,0.20095931314152207,5,,,0,0
950,130.067874701067,29.131438810088582,1,0.5627763866017318,19,,,0,0
951,102.85534460253714,24.428771576751146,1,0.3449469684449402,37,,,0,0
952,26.61839830806768,65.51247636116317,1,0.4090905742304533,12,,,0,0
953,94.91162830703604,25.22462208906699,1,0.6131311577826912,16,,,0,0
954,37.80921825294073,61.4653786930474,3,0.30195246704578294,13,,,0,0
955,38.69694485669131,89.0643177096554,1,0.3814883616710468,5,,,0,0
956,242.0459023673297,75.84521080140073,1,0.3448391006454011,3,,,0,0
957,23.28755282115103,57.24920782622764,3,0.4820041388578137,5,,,0,0
958,22.53666088436625,58.400419134828745,3,0.2741926216344044,7,,,0,0
959,17.122915736684032,45.91121942073683,3,0.4287157976611826,9,,,0,0
960,19.857102005085295,88.4553264732975,1,0.29711801951785244,10,,,0,0
961,22.280966346996756,47.44499160185632,3,0.36829887765323643,9,,,0,0
962,24.31844166716568,83.72651321564837,1,0.2672182580334235,14,,,0,0
963,157.16169443420813,39.27452282986817,1,0.36770228507423935,36,,,0,0
964,127.99670466236616,16.972892744600685,1,0.40080953959184457,22,,,0,0
965,142.84768063654676,32.65113790983174,1,0.5182354941958649,22,,,0,0
966,69.77211706748342,13.15131629087821,1,0.4502744201638772,33,,,0,0
967,110.90186699794339,15.121662607676885,1,0.4948773507471841,33,,,0,0
968,141.20197916427935,25.674403083857776,1,0.44865272511187304,31,,,0,0
969,90.14872354755703,23.886404978621854,1,0.6708318374954587,33,,,0,0
970,13.758726915436505,23.352400658022724,2,0.7935521528902604,10,,,0,0
971,23.76131982288203,84.73248713215779,1,0.38864652592121696,14,,,0,0
972,108.39220309344643,17.642481526981058,1,0.5637470281201247,16,,,0,0
973,29.682926543956647,101.28434740480571,1,0.43159360480323483,10,,,0,0
974,305.42535192335794,99.23610579334975,1,0.5213415313211789,2,,,0,0
975,20.992225525044972,53.242111456278366,1,0.8501125315427946,9,,,0,0
976,123.68226088124483,36.498568267832916,1,0.6821440493050703,38,,,0,0
977,142.24411021492463,26.73715253914046,1,0.4392721956313026,15,,,0,0
978,364.42253103976475,95.75850042230547,1,0.27160224000570904,6,,,0,0
979,24.22168566208465,60.300826133962474,3,0.38203232423892874,5,,,0,0
980,357.06369096301313,87.63279961146306,1,0.5710299356901922,7,,,0,0
981,10.954839842307168,21.441848506376324,2,0.7459575251615932,16,,,0,0
982,11.558136812269046,24.87377303015079,2,0.9950210284871814,10,,,0,0
983,32.64311872166959,49.34237447460574,2,0.8549021348673951,19,,,0,0
984,33.22392666090949,46.717496021142736,2,0.28265763657211296,6,,,0,0
985,18.76711944448102,37.072624514345925,2,0.9088876554804188,14,,,0,0
986,355.58553878612463,83.67057980487874,1,0.2870103408036995,4,,,0,0
987,14.777151485422332,57.79162717540207,1,0.7160005913212384,16,,,0,0
988,19.427802186324858,63.59458759984618,3,0.2793635430017383,9,,,0,0
989,64.40773124962907,35.04172576633609,1,0.5151795135996082,20,,,0,0
990,228.5354442648074,88.0900377930643,1,0.23630300019166606,6,,,0,0
991,18.495382045814182,86.94566090285238,2,0.31337304709472835,10,,,0,0
992,18.36781195116636,52.39406567177917,1,0.9739446469202739,11,,,0,0
993,20.874211924328442,39.966674027432525,2,0.7757724308744947,12,,,0,0
994,14.008655244625093,261.949012206491,5,0.07740724479359462,29,,,0,0
995,6.714231659624184,113.73856434042722,5,0.15037001839212955,11,,,0,0
996,26.46783798858409,53.22736648356183,1,0.24424730286093024,13,,,0,0
997,32.117839410034605,107.65347169375927,2,0.3432032268330376,8,,,0,0
998,5.531120503050909,209.71954946131598,2,0.02570047873013719,21,,,0,0
999,19.84625900799691,23.58283979701518,1,0.9221287354161418,15,,,0,0
